{"metadata":{"clientVersion":1.0},"modules":{"DevToggle":{"state":true,"keybind":0},"DevRank":{"state":true,"keybind":0},"FlagDetector":{"state":false,"keybind":0},"NoFall§7 Packet":{"state":false,"keybind":0},"Fly §7Vanilla":{"state":false,"keybind":33},"KillAura":{"state":true,"keybind":19},"Velocity":{"state":false,"keybind":0},"Speed§7 BHop":{"state":false,"keybind":49},"FakeLag":{"state":true,"keybind":38},"ConsoleSpammer":{"state":false,"keybind":0},"Step§7 Normal":{"state":false,"keybind":0},"Freecam":{"state":false,"keybind":0},"TabGui":{"state":true,"keybind":0},"AirJump":{"state":false,"keybind":0},"InventoryHelper":{"state":false,"keybind":0},"Sneak":{"state":false,"keybind":0},"ScaffoldWalk":{"state":false,"keybind":45},"ClickGUI":{"state":false,"keybind":54},"HUD":{"state":true,"keybind":0}},"values":{"Speed":{"Speed Modes":0},"KillAura":{"Range":4.6,"Rotation":false,"TargetChangeDelay":100},"InventoryHelper":{},"DevRank":{},"NoFall":{"NoFall Modes":0},"Step":{"Fly modes":0},"Velocity":{},"DevToggle":{},"FakeLag":{},"Sneak":{"Speed Modes":0},"FlagDetector":{},"Fly":{"Speed":2.15,"Fly modes":1},"ConsoleSpammer":{},"ClickGUI":{},"AirJump":{},"HUD":{"FPSStatisticLength":250},"Freecam":{},"TabGui":{},"ScaffoldWalk":{"Delay":33,"Eagle":false,"RayCast":true,"KeepRotations":true}}}