{"metadata":{"clientVersion":1.0},"modules":{"FlagDetector":{"state":false,"keybind":0},"Fly §7Vanilla":{"state":true,"keybind":33},"KillAura":{"state":true,"keybind":19},"Velocity":{"state":false,"keybind":0},"ScaffoldWalk":{"state":false,"keybind":45},"ClickGUI":{"state":false,"keybind":54},"HUD":{"state":true,"keybind":0}},"values":{"FlagDetector":{},"Fly":{"Speed":1.0,"Fly modes":1},"KillAura":{"Range":4.6,"TargetChangeDelay":100},"ClickGUI":{},"HUD":{"FPSStatisticLength":250},"Velocity":{},"ScaffoldWalk":{"Delay":366,"Eagle":false,"RayCast":false,"KeepRotations":true}}}