{"metadata":{"clientVersion":1.0},"modules":{"FlagDetector":{"state":true,"keybind":0},"AirStuck":{"state":false,"keybind":25},"Teleport":{"state":false,"keybind":37},"NoFall":{"state":false,"keybind":0},"Fly §7Hypixel":{"state":false,"keybind":33},"ESP":{"state":false,"keybind":0},"KillAura":{"state":false,"keybind":19},"HighJump":{"state":false,"keybind":0},"Jesus":{"state":false,"keybind":1},"Velocity":{"state":false,"keybind":0},"Speed":{"state":false,"keybind":0},"FakeLag":{"state":false,"keybind":38},"ConsoleSpammer":{"state":false,"keybind":0},"Step":{"state":false,"keybind":0},"Freecam":{"state":false,"keybind":0},"TabGui":{"state":false,"keybind":0},"AirJump":{"state":false,"keybind":36},"InventoryHelper":{"state":false,"keybind":0},"Sneak":{"state":false,"keybind":0},"Scaffold":{"state":false,"keybind":45},"ClickGUI":{"state":false,"keybind":0},"HUD":{"state":true,"keybind":0}},"values":{"Speed":{"Speed Modes":1},"KillAura":{"Range":4.6,"Rotation":false,"Attack Mobs":false,"TargetChangeDelay":227},"InventoryHelper":{},"ESP":{},"NoFall":{"NoFall Modes":1},"Step":{"Step modes":0},"Scaffold":{"Delay":0,"Expand value":6,"Eagle":true,"RayCast":true,"KeepRotations":true,"Scaffold Mode":0},"Teleport":{"Fly modes":0},"Velocity":{"Modes":0},"FakeLag":{},"Sneak":{"Speed Modes":0},"FlagDetector":{},"Fly":{"Speed":1.65,"Fly modes":0},"ConsoleSpammer":{},"ClickGUI":{},"HighJump":{},"AirJump":{"Modes":1},"Jesus":{},"HUD":{"FPSStatisticLength":181},"Freecam":{},"AirStuck":{},"TabGui":{}}}