{"metadata":{"clientVersion":2.0},"modules":{"FlagDetector":{"state":true,"keybind":0},"AirStuck":{"state":false,"keybind":25},"Teleport":{"state":false,"keybind":37},"NoFall":{"state":true,"keybind":0},"ClickGui":{"state":false,"keybind":54},"Fly":{"state":false,"keybind":33},"ESP":{"state":false,"keybind":0},"KillAura":{"state":false,"keybind":19},"HighJump":{"state":false,"keybind":0},"Jesus":{"state":true,"keybind":1},"Velocity":{"state":true,"keybind":0},"Speed":{"state":false,"keybind":49},"FakeLag":{"state":true,"keybind":38},"ConsoleSpammer":{"state":false,"keybind":0},"Step":{"state":false,"keybind":0},"Freecam":{"state":false,"keybind":0},"TabGui":{"state":true,"keybind":0},"AirJump":{"state":false,"keybind":36},"InvHelper":{"state":false,"keybind":0},"Sneak":{"state":false,"keybind":0},"Scaffold":{"state":false,"keybind":45},"NoRotateSet":{"state":true,"keybind":0},"HUD":{"state":true,"keybind":0}},"values":{"Speed":{"Speed Modes":4},"KillAura":{"Range":3.5277777,"Rotation":false,"Attack Mobs":false,"TargetChangeDelay":305},"ESP":{},"NoFall":{"NoFall Modes":1},"Step":{"Step modes":0},"Scaffold":{"Delay":166,"Expand value":5,"Eagle":false,"RayCast":true,"KeepRotations":false,"Scaffold Mode":0},"Teleport":{"Fly modes":0},"Velocity":{"Modes":0},"FakeLag":{},"Sneak":{"Speed Modes":0},"FlagDetector":{},"ClickGui":{"Modes":1},"Fly":{"Speed":1.75,"Fly modes":4},"ConsoleSpammer":{},"HighJump":{},"AirJump":{"Modes":1},"Jesus":{},"HUD":{"FPSStatisticLength":181},"Freecam":{},"AirStuck":{},"NoRotateSet":{},"InvHelper":{},"TabGui":{}}}