{"metadata":{"clientVersion":1.0},"modules":{"DevToggle":{"state":true,"keybind":0},"DevRank":{"state":true,"keybind":0},"FlagDetector":{"state":true,"keybind":0},"NoFall":{"state":false,"keybind":0},"Fly §7Vanilla":{"state":false,"keybind":33},"KillAura":{"state":false,"keybind":19},"Velocity":{"state":false,"keybind":0},"Speed":{"state":false,"keybind":0},"FakeLag":{"state":false,"keybind":0},"ConsoleSpammer":{"state":false,"keybind":0},"Step":{"state":false,"keybind":0},"Freecam":{"state":false,"keybind":0},"TabGui":{"state":true,"keybind":0},"AirJump":{"state":false,"keybind":0},"InventoryHelper":{"state":false,"keybind":0},"Sneak":{"state":false,"keybind":0},"ScaffoldWalk":{"state":false,"keybind":45},"ClickGUI":{"state":false,"keybind":54},"HUD":{"state":true,"keybind":0}},"values":{"Speed":{"Speed Modes":0},"KillAura":{"Range":4.6,"TargetChangeDelay":100},"InventoryHelper":{},"DevRank":{},"NoFall":{"NoFall Modes":0},"Step":{"Fly modes":0},"Velocity":{},"DevToggle":{},"FakeLag":{},"Sneak":{"Speed Modes":0},"FlagDetector":{},"Fly":{"Speed":1.0,"Fly modes":1},"ConsoleSpammer":{},"ClickGUI":{},"AirJump":{},"HUD":{"FPSStatisticLength":250},"Freecam":{},"TabGui":{},"ScaffoldWalk":{"Delay":450,"Eagle":false,"RayCast":true,"KeepRotations":true}}}