{"metadata":{"clientVersion":1.0},"modules":{"FlagDetector":{"state":true,"keybind":0},"NoFall":{"state":false,"keybind":0},"Fly §7Vanilla":{"state":true,"keybind":33},"KillAura":{"state":true,"keybind":19},"Velocity":{"state":false,"keybind":0},"Speed§7 NCP":{"state":true,"keybind":0},"ScaffoldWalk":{"state":false,"keybind":45},"ClickGUI":{"state":false,"keybind":54},"HUD":{"state":true,"keybind":0}},"values":{"Speed":{"Speed Modes":2},"FlagDetector":{},"Fly":{"Speed":1.0,"Fly modes":1},"KillAura":{"Range":4.6,"TargetChangeDelay":100},"ClickGUI":{},"HUD":{"FPSStatisticLength":250},"NoFall":{"NoFall Modes":1},"Velocity":{},"ScaffoldWalk":{"Delay":366,"Eagle":false,"RayCast":false,"KeepRotations":true}}}