{"metadata":{"clientVersion":1.0},"modules":{"DevToggle":{"state":true,"keybind":0},"DevRank":{"state":true,"keybind":0},"FlagDetector":{"state":true,"keybind":0},"Teleport":{"state":false,"keybind":0},"NoFall§7 AAC":{"state":false,"keybind":0},"Fly §7Hypixel":{"state":false,"keybind":33},"KillAura":{"state":false,"keybind":19},"HighJump":{"state":false,"keybind":0},"Jesus":{"state":true,"keybind":1},"Velocity":{"state":true,"keybind":0},"Speed§7 AAC":{"state":true,"keybind":0},"FakeLag":{"state":false,"keybind":38},"ConsoleSpammer":{"state":false,"keybind":0},"Step§7 Normal":{"state":false,"keybind":0},"Freecam":{"state":false,"keybind":0},"TabGui":{"state":true,"keybind":0},"AirJump":{"state":false,"keybind":0},"InventoryHelper":{"state":false,"keybind":0},"Sneak":{"state":false,"keybind":0},"Scaffold":{"state":false,"keybind":45},"ClickGUI":{"state":false,"keybind":54},"HUD":{"state":true,"keybind":0}},"values":{"Speed":{"Speed Modes":1},"KillAura":{"Range":4.6,"Rotation":true,"Attack Mobs":false,"TargetChangeDelay":100},"InventoryHelper":{},"DevRank":{},"NoFall":{"NoFall Modes":1},"Step":{"Step modes":0},"Scaffold":{"Delay":366,"Eagle":false,"RayCast":true,"KeepRotations":true},"Teleport":{"Fly modes":1},"Velocity":{"Modes":0},"DevToggle":{},"FakeLag":{},"Sneak":{"Speed Modes":0},"FlagDetector":{},"Fly":{"Speed":1.65,"Fly modes":0},"ConsoleSpammer":{},"ClickGUI":{},"HighJump":{},"AirJump":{"Modes":1},"Jesus":{},"HUD":{"FPSStatisticLength":250},"Freecam":{},"TabGui":{}}}