{"metadata":{"clientVersion":1.0},"modules":{"DevToggle":{"state":true,"keybind":0},"DevRank":{"state":true,"keybind":0},"FlagDetector":{"state":true,"keybind":0},"AirStuck":{"state":false,"keybind":25},"ESP":{"state":true,"keybind":0},"Teleport":{"state":false,"keybind":37},"NewClickGUITest":{"state":true,"keybind":38},"NoFall":{"state":false,"keybind":0},"Fly":{"state":false,"keybind":33},"KillAura":{"state":false,"keybind":19},"HighJump":{"state":false,"keybind":0},"Jesus":{"state":false,"keybind":1},"Velocity":{"state":true,"keybind":0},"Speed":{"state":false,"keybind":0},"FakeLag":{"state":false,"keybind":38},"ConsoleSpammer":{"state":false,"keybind":0},"Step":{"state":false,"keybind":0},"Freecam":{"state":false,"keybind":0},"TabGui":{"state":false,"keybind":0},"AirJump":{"state":false,"keybind":36},"InventoryHelper":{"state":false,"keybind":0},"Sneak":{"state":false,"keybind":0},"Scaffold":{"state":false,"keybind":45},"ClickGUI":{"state":false,"keybind":54},"HUD":{"state":true,"keybind":0}},"values":{"KillAura":{"Range":4.6,"Rotation":false,"Attack Mobs":false,"TargetChangeDelay":227},"InventoryHelper":{},"Step":{"Step modes":0},"Scaffold":{"Delay":0,"Expand value":6,"Eagle":true,"RayCast":true,"KeepRotations":true,"Scaffold Mode":0},"Teleport":{"Fly modes":0},"FakeLag":{},"Fly":{"Speed":1.65,"Fly modes":0},"ClickGUI":{},"Jesus":{},"HUD":{"FPSStatisticLength":250},"TabGui":{},"Speed":{"Speed Modes":1},"ESP":{},"NewClickGUITest":{},"DevRank":{},"NoFall":{"NoFall Modes":1},"Velocity":{"Modes":0},"DevToggle":{},"Sneak":{"Speed Modes":0},"FlagDetector":{},"ConsoleSpammer":{},"HighJump":{},"AirJump":{"Modes":1},"Freecam":{},"AirStuck":{}}}