{"metadata":{"clientVersion":1.0},"modules":{"FlagDetector":{"state":true,"keybind":0},"NoFall":{"state":false,"keybind":0},"Fly §7MatrixDMG":{"state":false,"keybind":33},"KillAura":{"state":false,"keybind":19},"Velocity":{"state":false,"keybind":0},"Speed§7 BHop":{"state":true,"keybind":0},"ScaffoldWalk":{"state":false,"keybind":45},"ClickGUI":{"state":false,"keybind":54},"HUD":{"state":true,"keybind":0}},"values":{"Speed":{"Speed Modes":0},"FlagDetector":{},"Fly":{"Speed":1.0,"Fly modes":3},"KillAura":{"Range":4.6,"TargetChangeDelay":100},"ClickGUI":{},"HUD":{"FPSStatisticLength":250},"NoFall":{"NoFall Modes":0},"Velocity":{},"ScaffoldWalk":{"Delay":0,"Eagle":false,"RayCast":false,"KeepRotations":true}}}