{"metadata":{"clientVersion":2.0},"modules":{"FlagDetector":{"state":true,"keybind":0},"AirStuck":{"state":false,"keybind":25},"Teleport":{"state":false,"keybind":37},"NoFall§7 AAC":{"state":false,"keybind":0},"ClickGui":{"state":false,"keybind":54},"Fly §7Hypixel":{"state":false,"keybind":33},"ESP":{"state":false,"keybind":0},"KillAura":{"state":true,"keybind":19},"HighJump":{"state":false,"keybind":0},"Jesus":{"state":false,"keybind":1},"Velocity":{"state":true,"keybind":0},"Speed§7 AAC4":{"state":false,"keybind":0},"FakeLag":{"state":false,"keybind":38},"ConsoleSpammer":{"state":false,"keybind":0},"Step§7 Normal":{"state":false,"keybind":0},"Freecam":{"state":false,"keybind":0},"TabGui":{"state":true,"keybind":0},"AirJump":{"state":false,"keybind":36},"InvHelper":{"state":false,"keybind":0},"Sneak§7 Vanilla":{"state":false,"keybind":0},"Scaffold":{"state":false,"keybind":45},"HUD":{"state":true,"keybind":0}},"values":{"Speed":{"Speed Modes":4},"KillAura":{"Range":3.5277777,"Rotation":true,"Attack Mobs":false,"TargetChangeDelay":305},"ESP":{},"NoFall":{"NoFall Modes":1},"Step":{"Step modes":0},"Scaffold":{"Delay":100,"Expand value":6,"Eagle":false,"RayCast":true,"KeepRotations":true,"Scaffold Mode":0},"Teleport":{"Fly modes":0},"Velocity":{"Modes":0},"FakeLag":{},"Sneak":{"Speed Modes":0},"FlagDetector":{},"ClickGui":{"Modes":0},"Fly":{"Speed":1.65,"Fly modes":0},"ConsoleSpammer":{},"HighJump":{},"AirJump":{"Modes":1},"Jesus":{},"HUD":{"FPSStatisticLength":181},"Freecam":{},"AirStuck":{},"InvHelper":{},"TabGui":{}}}