{"metadata":{"clientVersion":2.0},"modules":{"FlagDetector":{"state":false,"keybind":0},"AirStuck":{"state":false,"keybind":25},"Teleport":{"state":false,"keybind":37},"NoFall":{"state":true,"keybind":0},"ClickGui":{"state":false,"keybind":54},"Fly":{"state":false,"keybind":33},"ESP":{"state":false,"keybind":0},"KillAura":{"state":false,"keybind":19},"HighJump":{"state":false,"keybind":0},"Jesus":{"state":false,"keybind":71},"Velocity":{"state":true,"keybind":0},"Speed":{"state":false,"keybind":49},"FakeLag":{"state":false,"keybind":38},"ConsoleSpammer":{"state":false,"keybind":0},"Step":{"state":false,"keybind":0},"Freecam":{"state":false,"keybind":0},"NoSlow":{"state":true,"keybind":0},"FastPlace":{"state":true,"keybind":0},"TabGui":{"state":false,"keybind":0},"AirJump":{"state":false,"keybind":36},"InvHelper":{"state":false,"keybind":0},"Sneak":{"state":false,"keybind":0},"Scaffold":{"state":false,"keybind":45},"NoRotateSet":{"state":false,"keybind":0},"HUD":{"state":true,"keybind":0}},"values":{"KillAura":{"Range":4.0833335,"Rotation":false,"Attack Mobs":false,"TargetChangeDelay":316},"Step":{"Step modes":0},"Scaffold":{"Delay":544,"Expand value":5,"Eagle":false,"RayCast":true,"KeepRotations":false,"Scaffold Mode":0},"Teleport":{"Fly modes":0},"FakeLag":{},"ClickGui":{"Modes":0},"Fly":{"Speed":1.75,"Fly modes":3},"Jesus":{},"HUD":{"FPSStatisticLength":181},"NoRotateSet":{},"InvHelper":{},"TabGui":{},"NoSlow":{},"Speed":{"Speed Modes":0},"ESP":{},"FastPlace":{},"NoFall":{"NoFall Modes":2},"Velocity":{"Modes":0},"Sneak":{"Speed Modes":0},"FlagDetector":{},"ConsoleSpammer":{},"HighJump":{},"AirJump":{"Modes":1},"Freecam":{},"AirStuck":{}}}