{"metadata":{"clientVersion":1.0},"modules":{"FlagDetector":{"state":false,"keybind":0},"NoFall§7 Matrix":{"state":true,"keybind":0},"Fly §7Vanilla":{"state":false,"keybind":33},"KillAura":{"state":false,"keybind":19},"Velocity":{"state":false,"keybind":0},"Speed":{"state":false,"keybind":0},"FakeLag":{"state":false,"keybind":0},"ConsoleSpammer":{"state":false,"keybind":0},"Sneak§7 Switch":{"state":false,"keybind":0},"ScaffoldWalk":{"state":false,"keybind":45},"ClickGUI":{"state":false,"keybind":54},"HUD":{"state":true,"keybind":0}},"values":{"FakeLag":{},"Speed":{"Speed Modes":2},"Sneak":{"Speed Modes":0},"FlagDetector":{},"Fly":{"Speed":1.0,"Fly modes":1},"KillAura":{"Range":4.6,"TargetChangeDelay":100},"ConsoleSpammer":{},"ClickGUI":{},"HUD":{"FPSStatisticLength":250},"NoFall":{"NoFall Modes":2},"Velocity":{},"ScaffoldWalk":{"Delay":450,"Eagle":false,"RayCast":true,"KeepRotations":true}}}