{"metadata":{"clientVersion":1.0},"modules":{"FlagDetector":{"state":false,"keybind":0},"NoFall":{"state":false,"keybind":0},"Fly":{"state":false,"keybind":33},"KillAura":{"state":false,"keybind":19},"Velocity":{"state":false,"keybind":0},"Speed":{"state":false,"keybind":0},"FakeLag":{"state":false,"keybind":0},"ConsoleSpammer":{"state":false,"keybind":0},"Freecam":{"state":false,"keybind":0},"AirJump":{"state":false,"keybind":0},"ESP":{"state":false,"keybind":0},"Sneak":{"state":false,"keybind":0},"ScaffoldWalk":{"state":false,"keybind":45},"ClickGUI":{"state":false,"keybind":54},"HUD":{"state":true,"keybind":0}},"values":{"Speed":{"Speed Modes":2},"KillAura":{"Range":4.6,"TargetChangeDelay":100},"ESP":{"Red":63,"Green":72,"Blue":109},"NoFall":{"NoFall Modes":2},"Velocity":{},"FakeLag":{},"Sneak":{"Speed Modes":0},"FlagDetector":{},"Fly":{"Speed":1.0,"Fly modes":2},"ConsoleSpammer":{},"ClickGUI":{},"AirJump":{},"HUD":{"FPSStatisticLength":250},"Freecam":{},"ScaffoldWalk":{"Delay":450,"Eagle":false,"RayCast":true,"KeepRotations":true}}}